"Question";"A";"B";"C";"D";"correction"
"Which of the following method signatures is a valid declaration of an entry point in a
Java application?";"A. public void main(String[] args)";"B. public static void main()";"C. private static void start(String[] mydata)";"D. public static final void main(String[] mydata)";"D"
"What is the proper filename extension for a Java bytecode compiled file?";"A. .java";"B. .bytecode";"C. .class";"D. .dll";"C"
"Given that a Dateclass exists in both the java.utiland java.sqlpackages, what is the
result of compiling the following class?
1: import java.util.*;
2: import java.sql.*;
3: public class BirthdayManager {
4: private Date rob = new Date();
5: private java.util.Date sharon = new java.util.Date();
6: }";"A. The code does not compile because of lines 1 and 2.";"B. The code does not compile because of line 4.";"C. The code does not compile because of line 5.";"D. The code compiles without issue.";"B"
"Which of the following is not a facet of traditional object-oriented
 programming languages?";"A. Objects are grouped as procedures, separate from the data they act on.";"B. An object can take many forms via casting.";"C. An object can hold data, referred to as attributes.";"D. An object can perform actions, via methods";"A"
"Which variables have a scope limited to a method?";"A. Interface variables";"B. Class variables";"C. Instance variables";"D. Local variables";"D"
"Which package is imported into every Java class by default?";"A. java.util";"B. java.lang";"C. system.lang";"D. java.system";"B"
"What is the result of compiling and executing the following class?
1: public class ParkRanger {
2: int birds = 10;
3: public static void main(String[] data) {
4: int trees = 5;
5: System.out.print(trees+birds);
6: }
7: }";"A. It does not compile.";"B. It compiles but throws an exception at runtime.";"C. It compiles and outputs 5";"D. It compiles and outputs 15.";"A"
"Given that a Mathclass exists in both the java.lang and
pocket.complexpackages, what
is the result of compiling the following class?
1: package pocket;
2: import pocket.complex.*;
3: import java.util.*;
4: public class Calculator {
5: public static void main(String[] args) {
6: System.out.print(Math.floor(5));
7: }
8: }";"A. The code does not compile because of line 2";"B. The code does not compile because of line 3";"C. The code does not compile because of line 6.";"D. The code compiles without issue";"C"
"Given the following application, what is the expected output?
public class Keyboard {
private boolean numLock = true;
static boolean capLock = false;
public static void main(String... shortcuts) {
System.out.print(numLock+"" ""+capLock);
}
}";"A. true false";"B. false false";"C. It does not compile.";"D. It compiles but throws an exception at runtime.";"C"
"Which of the following declarations does not compile?";"A. double num1, int num2 = 0;";"B. int num1, num2;";"C. int num1, num2 = 0;";"D. int num1 = 0, num2 = 0;";"A"
"What is the output of the following application?
package transport;
class Ship {
protected int weight = 3;
private int height = 5;
public int getWeight() { return weight; }
public int getHeight() { return height; }
}
public class Rocket extends Ship {
public int weight = 2;
public int height = 4;
public void printDetails() {
System.out.print(super.getWeight()+"",""+super.height);
}
public static final void main(String[] fuel) {
new Rocket().printDetails();
}
}";"A. 2,5";"B. 3,4";"C. 3,5";"D. The code does not compile.";"D"
"Fill in the blanks : 
A class _____________ an interface,
while a class ______________an abstractclass.";"A. extends, implements";"B. extends, extends";"C. implements, extends";"D. implements, implements";"C"
"What is the output of the following application?
package paper;
abstract class Book {
protected static String material = ""papyrus"";
public Book() {}
public Book(String material) {this.material = material;}
}
public class Encyclopedia extends Book {
public static String material = ""cellulose"";
public Encyclopedia() {super();}
public String getMaterial() {return super.material;}
public static void main(String[] pages) {
System.out.print(new Encyclopedia().getMaterial());
}
}";"A. papyrus";"B. cellulose";"C. The code does not compile.";"D. The code compiles but throws an exception at runtime.";"A"
"Given that Integerand Longare subclasses of Number,
 what type can be used to fill in
the blank in the class below to allow it to compile?
package orchestra;
interface MusicCreator { public Number play(); }
abstract class StringInstrument { public Long play() {return 3L;} }
public class Violin extends StringInstrument implements MusicCreator {
public play() {
return 12;
}
}";"A. Long";"B. Integer";"C. Longor Integer";"D. Longor Number";"A"
"Which type of loop is best known for using an index or counter?";"A. do-whileloop";"B. for(traditional)";"C. for-each";"D. while";"B"
"What is the output of the following code?
package chicago;
public class Loop {
private static int count;
private static String[] stops = new String[] { ""Washington"",
""Monroe"", ""Jackson"", ""LaSalle"" };
public static void main(String[] args) {
while (count < stops.length) {
if (stops[count++].length() < 8) {
break;
}
}
System.out.println(count);
}
}";"A. 1";"B. 2";"C. 4";"D. The code does not compile.";"B"
"Which of the following statements is/are true?
I. A for-each loop can iterate through an array starting from index 0.
II. A for-each loop can iterate through an array starting from the end.";"A. Only I";"B. Only II";"C. Both statements";"D. Neither statement";"A"
"What is the output of the following application?
package flying;
class Rotorcraft {
protected final int height = 5;
abstract int fly();
}
public class Helicopter extends Rotorcraft {
private int height = 10;
protected int fly() {
return super.height;
}
public static void main(String[] unused) {
Helicopter h = (Helicopter)new Rotorcraft();
System.out.print(h.fly());
}
}";"A. 5";"B. 10";"C. The code does not compile";"D. The code compiles but produces a ClassCastExceptionat runtime.";"C"
"Which of the following references the first and last element in a non-empty array?";"A. trains[0]and trains[trains.length]";"B. trains[0]and trains[trains.length - 1]";"C. trains[1]and trains[trains.length]";"D. trains[1]and trains[trains.length - 1]";"B"
"How many lines does the following code output?
String[] days = new String[] { ""Sunday"", ""Monday"", ""Tuesday"",
""Wednesday"", ""Thursday"", ""Friday"", ""Saturday"" };
for (int i = 0; i < days.size(); i++)
System.out.println(days[i]);";"A. Six";"B. Seven";"C. The code does not compile.";"D. The code compiles but throws an exception at runtime.";"C"
